state,bill_id,bill_url,title,status,date_of_last_action,author,topics,summary,history,year
Arizona,AZ H   2482,http://custom.statenet.com/public/resources.cgi?id=ID:bill:AZ2023000H2482&ciq=ncsl&client_md=ee0f5dccb66af8595f51318ae43fc9f5&mode=current_text,Appropriations and Crime Victim Notification Fund,Enacted,,,Government Use,"Provides that the Law Enforcement Crime Victim Notification Fund is established consisting of legislative appropriations, enables the county or city, or both, or tribal law enforcement agency or university police department-based deployment of an automated crime victim notification system to a user base consisting of law enforcement agencies, appropriates funds.",,2023
Arizona,AZ S   1565,http://custom.statenet.com/public/resources.cgi?id=ID:bill:AZ2023000S1565&ciq=ncsl&client_md=009f86572673187364f38c98b0425a99&mode=current_text,Ballot Processing and Electronic Adjudication and Limit,Vetoed,,,Elections,"Relates to ballot processing, relates to electronic adjudication, relates to limitation.",,2023
Arkansas,AR H   1768,http://custom.statenet.com/public/resources.cgi?id=ID:bill:AR2023000H1768&ciq=ncsl&client_md=62f3ad9839a148e13a2e76a93459cd32&mode=current_text,Railroad Train Defectors Standard Requirements,Failed - Adjourned,,,Private Sector Use,Creates standard requirements concerning railroad train defect detectors.,,2023
California,CA A    302,http://custom.statenet.com/public/resources.cgi?id=ID:bill:CA2023000A302&ciq=ncsl&client_md=ff50b1aabd3b42d9e3b51e6335aac82c&mode=current_text,Department of Technology: Automated Decision Systems,Enacted,,,Government Use,"Requires the Department of Technology, in coordination with other interagency bodies, to conduct, on or before specified date, a comprehensive inventory of all high-risk automated decision systems, as defined, that have been proposed for use, development, or procurement by, or are being used, developed, or procured by, state agencies.",,2023
California,CA A    331,http://custom.statenet.com/public/resources.cgi?id=ID:bill:CA2023000A331&ciq=ncsl&client_md=7ab09b6e87185307686e10f13363fbb1&mode=current_text,Automated Decision Tools,Pending,,,Impact Assessment; Notification; Private Sector Use; Responsible Use,"Relates to the State Fair Employment and Housing Act. Requires a deployer and a developer of an automated decision tool to perform an impact assessment for any such tool the deployer uses that includes a statement of the purpose of the tool and its intended benefits, uses, and deployment contexts. Requires a public attorney to, before commencing an action for injunctive relief, provide written notice to a deployer or developer of the alleged violations and provide a specified opportunity to cure violations.",,2023
California,CA A    459,http://custom.statenet.com/public/resources.cgi?id=ID:bill:CA2023000A459&cuiq=93d84396-c63b-526a-b152-38b7f79b4cfd&client_md=e4f6fea4-27b4-5d41-b7d3-766fe52569f0,Contracts Against Public Policy: Personal,Pending,,,Private Sector Use,Provides that a provision in an agreement between an individual and any other person for the performance of personal or professional services is contrary to public policy and deemed unconscionable if the provision meets specified conditions relating to the use of a digital replica of the voice or likeness of an individual in lieu of the work of the individual or to train a generative artificial intelligence system.,,2023
California,CA A   1282,http://custom.statenet.com/public/resources.cgi?id=ID:bill:CA2023000A1282&ciq=ncsl&client_md=89c7f589adbe6dc63a2a14bb4ea53329&mode=current_text,Mental Health: Impacts of Social Media,Pending,,,Responsible Use,"Requires the Mental Health Services Oversight and Accountability Commission to explore, among other things, the persons and populations that use social media and the negative mental health risks associated with social media and artificial intelligence. Requires the commission to report to specified policy committees of the Legislature a statewide strategy to understand, communicate, and mitigate mental health risks associated with the use of social media by children and youth.",,2023
California,CA A   1502,http://custom.statenet.com/public/resources.cgi?id=ID:bill:CA2023000A1502&ciq=ncsl&client_md=3f9f7af3b27bc7fafa929381491756f8&mode=current_text,Health Care Coverage: Discrimination,Pending,,,Health Use; Private Sector Use,"Prohibits a health care service plan or health insurer from discriminating on the basis of race, color, national origin, sex, age, or disability through the use of clinical algorithms in its decision-making.",,2023
California,CA ACR   96,http://custom.statenet.com/public/resources.cgi?id=ID:bill:CA2023000ACR96&ciq=ncsl&client_md=78b6de6e73190d1969b355c7ee7d8dbd&mode=current_text,23 Asilomar AI Principles,Pending,,,Government Use; Private Sector Use; Responsible Use,Expresses the support of the Legislature for the 23 Asilomar AI Principles as guiding values for the development of artificial intelligence and of related public policy.,,2023
California,CA AJR    6,http://custom.statenet.com/public/resources.cgi?id=ID:bill:CA2023000AJR6&ciq=ncsl&client_md=00e53513a033c3ed69b6a5a32c8d5251&mode=current_text,Artificial Intelligence,Pending,,,,Urges the U.S. government to impose an immediate moratorium on the training of AI systems more powerful than GPT-4 for at least six months to allow time to develop much-needed AI governance systems.,,2023
California,CA S    294,http://custom.statenet.com/public/resources.cgi?id=ID:bill:CA2023000S294&cuiq=93d84396-c63b-526a-b152-38b7f79b4cfd&client_md=e4f6fea4-27b4-5d41-b7d3-766fe52569f0,Artificial Intelligence: Regulation,Pending,,,Effect on Labor/Employment; Responsible Use,"Expresses the intent of the Legislature to enact legislation related to artificial intelligence that would relate to, among other things, establishing standards and requirements for the safe development, secure deployment, and responsible scaling of frontier artificial intelligence models in the state market by, among other things, establishing a framework of disclosure requirements for AI models.",,2023
California,CA S    313,http://custom.statenet.com/public/resources.cgi?id=ID:bill:CA2023000S313&ciq=ncsl&client_md=b0847d775babc9989a22f566a2f23bab&mode=current_text,Department of Technology: Artificial Intelligence,Pending,,,Government Use; Oversight/Governance,Requires any state agency that utilizes generative artificial intelligence to directly communicate with a natural person to provide notice to that person that the interaction with the state agency is being communicated through artificial intelligence. Requires the state agency to provide instructions to inform the natural person how they can directly communicate with a natural person from the state agency.,,2023
California,CA S    398,http://custom.statenet.com/public/resources.cgi?id=ID:bill:CA2023000S398&ciq=ncsl&client_md=5acc922f37d850366c8eb45238b62ffb&mode=current_text,Department of Technology: Advanced Technology: Research,Pending,,,Government Use,"Provides for the Artificial Intelligence for California Research Act, which would require the Department of Technology, upon appropriation by the Legislature, to develop and implement a comprehensive research plan to study the feasibility of using advanced technology to improve state and local government services. Requires the research plan to include, among other things, an analysis of the potential benefits and risks of using artificial intelligence technology in government services.",,2023
California,CA S    721,http://custom.statenet.com/public/resources.cgi?id=ID:bill:CA2023000S721&ciq=ncsl&client_md=e76eb2ef1873e388de217eefc0d399f7&mode=current_text,California Interagency AI Working Group,Pending,,,Studies,"Creates the California Interagency AI Working Group to deliver a report to the Legislature regarding artificial intelligence. Requires the working group members to be Californians with expertise in at least two of certain areas, including computer science, artificial intelligence, and data privacy. Requires the report to include a recommendation of a definition of artificial intelligence as it pertains to its use in technology for use in legislation.",,2023
California,CA SCR   17,http://custom.statenet.com/public/resources.cgi?id=ID:bill:CA2023000SCR17&ciq=ncsl&client_md=6b74db66d6ebf46a127c5185d0eea09e&mode=current_text,Artificial Intelligence,Adopted,,,Responsible Use,Affirms the state legislature's commitment to President Biden's vision for safe artificial intelligence and the principles outlined in the Blueprint for an AI Bill of Rights. Expresses the Legislature's commitment to examining and implementing those principles in its legislation and policies related to the use and deployment of automated systems.,,2023
Colorado,CO S     32,http://custom.statenet.com/public/resources.cgi?id=ID:bill:CO2023000S32&ciq=ncsl&client_md=9ab8fc414a3791cb4af5a1ff52adec81&mode=current_text,Wildfire Detection Technology Pilot Program,Failed - Adjourned,,,Government Use,"Provides that the Center of Excellence for Advanced Technology Aerial Firefighting shall implement one or more pilot programs using remote camera technology to detect, identify, or confirm the existence of wildfires in the wildland-urban interface, provides that the pilot program or programs may include the use of artificial intelligence technologies, appropriates funds to the Department of Public Safety.",,2023
Connecticut,CT S   1103,http://custom.statenet.com/public/resources.cgi?id=ID:bill:CT2023000S1103&ciq=ncsl&client_md=783378b6b29fa00fdab69672348011c6&mode=current_text,Artificial Intelligence Automated Decision,Enacted,,,Government Use; Oversight/Governance; Responsible Use,"Relates to artificial intelligence, automated decision-making and personal data privacy, provides that the Office of Policy and Management shall develop and establish policies and procedures concerning the development, procurement, implementation, utilization and ongoing assessment of systems that employ artificial intelligence and are in use by State agencies.",,2023
District of Columbia,DC B    114,http://custom.statenet.com/public/resources.cgi?id=ID:bill:DC2023000B114&ciq=ncsl&client_md=c7c9bb9dcadb8393c71d7b7ff781979f&mode=current_text,Stop Discrimination by Algorithms Act of 2023,Pending,,,Audit; Notification; Responsible Use,"Prohibits users of algorithmic decision-making from utilizing algorithmic eligibility determinations in a discriminatory manner, requires corresponding notices to individuals whose personal information is used, provides for appropriate means of civil enforcement.",,2023
Georgia,GA H     18,http://custom.statenet.com/public/resources.cgi?id=ID:bill:GA2023000H18&ciq=ncsl&client_md=4d6fcc1b3aa21bf635fa16cbc034f4fa&mode=current_text,Supplemental Appropriations,Enacted,,,Appropriations,"Makes, provides, and changes certain appropriations for the operation of the state government and its departments, boards, bureaus, commissions, institutions, and other agencies, for the university system, common schools, counties, municipalities, and political subdivisions, for all other governmental activities, projects, and undertakings authorized by law, and for all leases, contracts, agreements, and grants authorized by law, provides for the control and administration of funds, including funds for the Georgia Artificial Intelligence Manufacturing Project.",,2023
Georgia,GA H    203,http://custom.statenet.com/public/resources.cgi?id=ID:bill:GA2023000H203&ciq=ncsl&client_md=b3513f3bc1757e3247c28b083c67e451&mode=current_text,Control of Hazardous Conditions,Enacted,,,Health Use,"Relates to the control of hazardous conditions, preventable diseases, and metabolic disorders, revises provisions relating to restrictions on the sale and dispensing of contact lenses with respect to physicians, revises definitions, provides requirements for assessment mechanisms.",,2023
Georgia,GA HR   381,http://custom.statenet.com/public/resources.cgi?id=ID:bill:GA2023000HR381&ciq=ncsl&client_md=48dd4a0affd6feed482502fa1294d570&mode=current_text,Honorary Resolution,Adopted,,,Education/Training,Honors the inaugural year of Seckinger High School and its innovative artificial intelligence education.,,2023
Hawaii,HI SCR  179,http://custom.statenet.com/public/resources.cgi?id=ID:bill:HI2023000SCR179&ciq=ncsl&client_md=3d892e51a8c29791a39d2783a1ec71da&mode=current_text,Artificial Intelligence Benefits and Risks,Adopted,,,Responsible Use,Urges Congress to begin a discussion considering the benefits and risks of artificial intelligence technologies.,,2023
Hawaii,HI SR   123,http://custom.statenet.com/public/resources.cgi?id=ID:bill:HI2023000SR123&ciq=ncsl&client_md=9505f0415a56b8239964a45d4c1e6ad5&mode=current_text,Artificial Intelligence,Adopted,,,Responsible Use,Urges Congress to begin a discussion considering the benefits and risks of artificial intelligence technologies.,,2023
Illinois,IL H    364,http://custom.statenet.com/public/resources.cgi?id=ID:bill:IL2023000H364&ciq=ncsl&client_md=7e40b622bd06f15e1519ba7a8fe25ce0&mode=current_text,Artificial Intelligence Video Interview Act,Pending,,,Private Sector Use,"Amends the Artificial Intelligence Video Interview Act, makes a technical change in a section concerning the short title.",,2023
Illinois,IL H   1002,http://custom.statenet.com/public/resources.cgi?id=ID:bill:IL2023000H1002&ciq=ncsl&client_md=f437b8246f365647e589fd82283f4360&mode=current_text,Hospital Diagnostics Certification,Pending,,,Health Use,"Amends the University of Illinois Hospital Act and the Hospital Licensing Act, provides that before using any diagnostic algorithm to diagnose a patient, a hospital must first confirm that the diagnostic algorithm has been certified by the Department of Public Health and the Department of Innovation and Technology, has been shown to achieve as or more accurate diagnostic results than other diagnostic means, and is not the only method of diagnosis available to a patient.",,2023
Illinois,IL H   2570,http://custom.statenet.com/public/resources.cgi?id=ID:bill:IL2023000H2570&ciq=ncsl&client_md=ddb82a5b67cf73814202eb86006da826&mode=current_text,Anti Click Gambling Data Analytics Collection Act,Pending,,,Private Sector Use,"Creates the Anti-Click Gambling Data Analytics Collection Act, provides that no entity that operates a remote gambling platform or a subsidiary of the entity shall collect data from a participant with the intent to predict how the participant will gamble in a particular gambling or betting scenario.",,2023
Illinois,IL H   3338,http://custom.statenet.com/public/resources.cgi?id=ID:bill:IL2023000H3338&ciq=ncsl&client_md=b409a27bdaf5dc2de25a31956443dd33&mode=current_text,Safe Patient Limits Act,Pending,,,Health Use; Effect on Labor/Employment,"Creates the Safe Patient Limits Act, provides the maximum number of patients that may be assigned to a registered nurse in specified situations, provides that nothing shall preclude a facility from assigning fewer patients to a registered nurse than the limits provided in Act, provides that nothing in the Act precludes the use of patient acuity systems consistent with the Nurse Staffing by Patient Acuity Act.",,2023
Illinois,IL H   3563,http://custom.statenet.com/public/resources.cgi?id=ID:bill:IL2023000H3563&ciq=ncsl&client_md=a0384708f6c99962ac78b550ccbbd7b9&mode=current_text,Innovation and Technology Act,Enacted,,,Studies,"Amends the Department of Innovation and Technology Act, replaces the chair of the Board of Higher Education with the executive director of the Illinois Community College Board, adds to the Board the statewide chief information security officer, or his or her designee, to the Board, requires the Task Force to provide a report, makes technical changes on the provisions concerning the location of Task Force meetings and the responsibilities of the Generative AI and Natural Language Processing Task Force.",,2023
Illinois,IL H   3773,http://custom.statenet.com/public/resources.cgi?id=ID:bill:IL2023000H3773&ciq=ncsl&client_md=8f7e95823cba8d3a00c86cd500fc8976&mode=current_text,Human Rights Act,Pending,,,Private Sector Use; Responsible Use,"Amends the Human Rights Act, provides that an employer that uses predictive data analytics in its employment decisions may not consider the applicant's race or ZIP code when used as a proxy for race to reject an applicant in the context of recruiting, hiring, promotion, renewal of employment, selection for training or apprenticeship, discharge, discipline, tenure or terms, privileges, or conditions of employment.",,2023
Illinois,IL S    504,http://custom.statenet.com/public/resources.cgi?id=ID:bill:IL2023000S504&ciq=ncsl&client_md=abe0d0cf54e1bd6223941a8bee661285&mode=current_text,Artificial Intelligence Video Interview Act,Pending,,,Private Sector Use,"Amends the Artificial Intelligence Video Interview Act, makes a technical change in a section concerning the short title.",,2023
Illinois,IL S   2314,http://custom.statenet.com/public/resources.cgi?id=ID:bill:IL2023000S2314&ciq=ncsl&client_md=5615578d84d10570ecf06a275ac92a88&mode=current_text,Safe Patient Limits Act,Pending,,,Health Use; Effect on Labor/Employment,"Creates the Safe Patient Limits Act, provides the maximum number of patients that may be assigned to a registered nurse in specified situations, provides that nothing shall preclude a facility from assigning fewer patients to a registered nurse than the limits provided in the act, provides that the maximum patient assignments may not be exceeded, regardless of the use and application of any patient acuity system.",,2023
Illinois,IL S   2640,http://custom.statenet.com/public/resources.cgi?id=ID:bill:IL2023000S2640&cuiq=93d84396-c63b-526a-b152-38b7f79b4cfd&client_md=e4f6fea4-27b4-5d41-b7d3-766fe52569f0,Information Act,Pending,,,Government Use,"Amends the Freedom of Information Act; provides that administrative or technical information associated with automated data operations shall be exempt from inspection and copying, but only to the extent that disclosure would jeopardize the security of the system or its data or the security of materials exempt under the act.",,2023
Louisiana,LA SCR   49,http://custom.statenet.com/public/resources.cgi?id=ID:bill:LA2023000SCR49&ciq=ncsl&client_md=b7d974bb214f14c8d862822cca0ec8d5&mode=current_text,Technology,Adopted,,,Government Use,"Requests the Joint Committee on Technology and Cybersecurity to study the impact of artificial intelligence in operations, procurement, and policy.",,2023
Maine,ME H   1270,http://custom.statenet.com/public/resources.cgi?id=ID:bill:ME2023010H1270&ciq=ncsl&client_md=fc9bcb2855312c0ec7bc2002e2782a33&mode=current_text,Data Privacy and Protection Act,Pending - Carryover,,,Impact Assessment,"Enacts the Data Privacy and Protection Act, requires policies, practices and procedures for data privacy, prohibits retaliation for the exercise of a right relating to personal data and prohibits discriminatory practices in the collection, processing or transfer of personal data, relates to civil penalty.",,2023
Maine,ME S    656,http://custom.statenet.com/public/resources.cgi?id=ID:bill:ME2023010S656&ciq=ncsl&client_md=6b95528a14480a5e90a2eeb4d9670143&mode=current_text,Staffing of Nurses and Improve Patient Care,Pending - Carryover,,,Health Use; Effect on Labor/Employment,Addresses unsafe staffing of nurses and improve patient care.,,2023
Maryland,MD H    622,http://custom.statenet.com/public/resources.cgi?id=ID:bill:MD2023000H622&ciq=ncsl&client_md=64971ce17af0857a5203a542aca34dab&mode=current_text,Technology Grant Program and Fund,Enacted,,,Effect on Labor/Employment; Private Sector Use,"Establishes the Industry 4.0 Technology Grant Program in the Department of Commerce to provide grants to certain small and medium-sized manufacturing enterprises to assist those manufacturers with implementing new Industry 4.0 technology or related infrastructure for certain purposes, establishes the Industry 4.0 Technology Grant Fund as a special, nonlapsing fund, requires the governor to include in the budget bill for fiscal years 2024 through 2028 an appropriation of a specified amount to the fund.",,2023
Maryland,MD H    996,http://custom.statenet.com/public/resources.cgi?id=ID:bill:MD2023000H996&ciq=ncsl&client_md=a0efe455193264c3e73c53e03a9e82ab&mode=current_text,Artificial Intelligence Implementation Causing Harm,Failed - Adjourned,,,,"Establishes that a person who intentionally designs and creates artificial intelligence software able to cause physical injury or death is strictly liable for damages and subject to a civil penalty if the software is used to cause personal injury or death, prohibits a person from using a physical implement that acts independently of the person but is directed by artificial intelligence software to cause injury to or death of another.",,2023
Maryland,MD H   1034,http://custom.statenet.com/public/resources.cgi?id=ID:bill:MD2023000H1034&ciq=ncsl&client_md=279cafbde91bc58cb32a3f2b80be020a&mode=current_text,Artificial Intelligence Impact Advisory Board,Failed,,,Studies,"Establishes the Artificial Intelligence Impact Advisory Board to study certain issues relating to artificial intelligence and the impact that related laws, regulations, and policies have on the state's citizens, requires the board on specified date, to report its findings and recommendations to the Governor and the General Assembly.",,2023
Maryland,MD H   1068,http://custom.statenet.com/public/resources.cgi?id=ID:bill:MD2023000H1068&ciq=ncsl&client_md=eab79e3a52cb09f423f37480a99880a3&mode=current_text,Commission on Responsible Artificial Intelligence,Failed - Adjourned,,,Studies,"Establishes the Commission on Responsible Artificial Intelligence in Maryland to study certain issues related to the use and regulation of artificial intelligence, requires the commission to report its findings and recommendations to the House Health and Government Operations Committee, the House Economic Matters Committee, the Senate Finance Committee, and the Senate Education, Energy, and the Environment Committee on or before a specified date.",,2023
Maryland,MD H   1132,http://custom.statenet.com/public/resources.cgi?id=ID:bill:MD2023000H1132&ciq=ncsl&client_md=6b014c0a3bc2ee225046f5a7a0369420&mode=current_text,Technology and Science Advisory Commission,Failed - Adjourned,,,Studies,"Establishes the Technology and Science Advisory Commission to study and make recommendations on technology and science in the state, requires the governor, for each fiscal year, to include in the annual budget bill an appropriation of a specified amount to the commission, requires the commission to report on its activities and recommendations to the governor and the General Assembly on specified date each year.",,2023
Maryland,MD S    906,http://custom.statenet.com/public/resources.cgi?id=ID:bill:MD2023000S906&ciq=ncsl&client_md=b757d69c6cc6bf67eb308f854b04aa4b&mode=current_text,Industry Technology Grant Program and Fund,Failed - Adjourned,,,Effect on Labor/Employment; Private Sector Use,"Establishes the specified Industry Technology Grant Program in the Department of Commerce to provide grants to certain small and medium-sized manufacturing enterprises to assist those manufacturers with implementing new specified Industry technology or related infrastructure for certain purposes, establishes the specified Industry Technology Grant Fund as a special, nonlapsing fund.",,2023
Massachusetts,MA H     51,http://custom.statenet.com/public/resources.cgi?id=ID:bill:MA2023000H51&ciq=ncsl&client_md=0bb99182ad1c08838b939238589def85&mode=current_text,Economic Revitalization,Pending,,,Appropriations,"Finances the immediate economic revitalization, community development, and housing needs of the commonwealth.",,2023
Massachusetts,MA H     64,http://custom.statenet.com/public/resources.cgi?id=ID:bill:MA2023000H64&ciq=ncsl&client_md=cd99e1101aceb4a114004822b8e3035a&mode=current_text,State Agency Automated Decision Making,Pending,,,Government Use; Responsible Use; Studies,"Relates to state agency automated decision-making, artificial intelligence, transparency, fairness, and individual rights.",,2023
Massachusetts,MA H    560,http://custom.statenet.com/public/resources.cgi?id=ID:bill:MA2023000H560&ciq=ncsl&client_md=2481911aa0e1512dbcdf783290c3bd6f&mode=current_text,Media Literacy in Schools,Pending,,,,Relates to media literacy in schools.,,2023
Massachusetts,MA H   1873,http://custom.statenet.com/public/resources.cgi?id=ID:bill:MA2023000H1873&ciq=ncsl&client_md=c1f1e6ba02e1197a8978637c41d1a2f2&mode=current_text,Preventing Dystopian Work Environments,Pending,,,Impact Assessment; Effect on Labor/Employment; Notification; Private Sector Use,Relates to preventing dystopian work environments.,,2023
Massachusetts,MA H   1974,http://custom.statenet.com/public/resources.cgi?id=ID:bill:MA2023000H1974&ciq=ncsl&client_md=11262969ee2666ed115999edd7ee39d5&mode=current_text,Use of Artificial Intelligence in Mental Health Service,Pending,,,Health Use,Relates to the use of artificial intelligence in mental health services.,,2023
Massachusetts,MA H   4024,http://custom.statenet.com/public/resources.cgi?id=ID:bill:MA2023000H4024&ciq=ncsl&client_md=b0aa4e927ebf22efd23e41cb3863d10f&mode=current_text,Automated Decision Making,Pending,,,Government Use; Responsible Use; Studies,Establishes a commission on automated decision-making by government in the commonwealth.,,2023
Massachusetts,MA S     23,http://custom.statenet.com/public/resources.cgi?id=ID:bill:MA2023000S23&ciq=ncsl&client_md=35bac40633fff2283ca37356b865aa11&mode=current_text,Appropriations for the Fiscal Year 2023,Pending,,,Appropriations,"Makes appropriations for the Fiscal Year 2023 to provide for supplementing certain existing appropriations and for certain other activities and projects reports, recommending that the same ought to pass with an amendment striking out all after the enacting clause and inserting in place thereof the text of Senate document numbered 23.",,2023
Massachusetts,MA S     31,http://custom.statenet.com/public/resources.cgi?id=ID:bill:MA2023000S31&ciq=ncsl&client_md=ecc4ed6a6705b2e3bffbd6b2de394710&mode=current_text,Regulate Generative Artificial Intelligence,Pending,,,Responsible Use,Relates to drafted with the help of ChatGPT to regulate generative artificial intelligence models like ChatGPT.,,2023
Massachusetts,MA S     33,http://custom.statenet.com/public/resources.cgi?id=ID:bill:MA2023000S33&ciq=ncsl&client_md=059b63055359f8929e255f881bb29c4c&mode=current_text,Automated Decision Making by Government,Pending,,,Government Use; Responsible Use; Studies,Establishes a commission on automated decision-making by government in the commonwealth.,,2023
Michigan,MI H   5141,http://custom.statenet.com/public/resources.cgi?id=ID:bill:MI2023000H5141&cuiq=93d84396-c63b-526a-b152-38b7f79b4cfd&client_md=e4f6fea4-27b4-5d41-b7d3-766fe52569f0,Campaign Practices,Enacted,,,Elections,"Provides that if a person, committee or other entity creates, originally publishes or originally distributes a qualified political advertisement, the qualified political advertisement must include, in a clear and conspicuous manner, a statement that meets specified requirements; provides that, if applicable, the advertisement must state that the qualified political advertisement was generated in whole or substantially by artificial intelligence.",,2023
Michigan,MI H   5142,http://custom.statenet.com/public/resources.cgi?id=ID:bill:MI2023000H5142&cuiq=93d84396-c63b-526a-b152-38b7f79b4cfd&client_md=e4f6fea4-27b4-5d41-b7d3-766fe52569f0,Campaign Finances,Pending – Carryover,,,Elections,Modifies sentencing guidelines for campaign finance violations.,,2023
Michigan,MI H   5143,http://custom.statenet.com/public/resources.cgi?id=ID:bill:MI2023000H5143&cuiq=93d84396-c63b-526a-b152-38b7f79b4cfd&client_md=e4f6fea4-27b4-5d41-b7d3-766fe52569f0,Michigan Campaign Finance Act,Enacted,,,Elections,"Relates to the Michigan Campaign Finance Act; provides that artificial intelligence means a machine-based system that can, for a given set of human-defined objectives, make predictions, recommendations or decisions influencing real or virtual environments, and that uses machine and human-based inputs to perceive real and virtual environments, abstract such perceptions into models through analysis in an automated manner, and use model inference to formulate options for information or action.",,2023
Minnesota,MN H   2890,http://custom.statenet.com/public/resources.cgi?id=ID:bill:MN2023000H2890&ciq=ncsl&client_md=26f64bd17fd61a991f22741f9a5f1215&mode=current_text,State Government,Pending - Carryover,,,Government Use,"Relates to state government, provides for certain crime, public safety, victim, sentencing, expungement, clemency, evidence, policing, private security, corrections, firearm, controlled substances, community supervision, and 911 emergency communication system policy provisions in statutes and laws, provides for reports, authorizes rulemaking, appropriates money.",,2023
Minnesota,MN S   2909,http://custom.statenet.com/public/resources.cgi?id=ID:bill:MN2023000S2909&ciq=ncsl&client_md=066bb0fef627bec4b27295e521a2f9b9&mode=current_text,State Government,Enacted,,,Government Use,"Relates to state government, provides law for judiciary, public safety, crime, sentencing, evidence, courts, law enforcement, firearms, controlled substances, corrections, clemency, expungement, rehabilitation and reinvestment, civil law, community supervision, supervised release, and human rights, provides for rulemaking, provides for reports, provides for criminal and civil penalties.",,2023
Mississippi,MS S   3000,http://custom.statenet.com/public/resources.cgi?id=ID:bill:MS2023000S3000&ciq=ncsl&client_md=2d6b7aa78fc428dc3155981a825c7abb&mode=current_text,Eight Universities Fund,Enacted,,,Appropriations,Makes an appropriation to the board of trustees of state institutions of higher learning for support of the eight universities for fiscal year 2024.,,2023
Missouri,MO H    311,http://custom.statenet.com/public/resources.cgi?id=ID:bill:MO2023000H311&ciq=ncsl&client_md=72bc2b709156d0d654e369c248a8aa23&mode=current_text,Twenty First Century Technology Innovation Task Force,Failed - Adjourned,,,Government Use; Studies,Establishes the 21st Century Technology Innovation Task Force.,,2023
Missouri,MO H    317,http://custom.statenet.com/public/resources.cgi?id=ID:bill:MO2023000H317&ciq=ncsl&client_md=753865b3f6ecc625a4960ea29278ea16&mode=current_text,Missouri Technology Task Force,Failed - Adjourned,,,Studies,Establishes the Missouri Technology Task Force.,,2023
Nevada,NV S    165,http://custom.statenet.com/public/resources.cgi?id=ID:bill:NV2023000S165&ciq=ncsl&client_md=1261a8be6df5e7ab9a3c54d40787b9ec&mode=current_text,Emerging Technologies Task Force,Failed - Adjourned,,,Studies,"Relates to technology, creates the Emerging Technologies Task Force within the Department of Business and Industry, prescribes the membership, powers and duties of the task Force, authorizes the director of the to create an Opportunity Center for Emerging Technology Businesses as part of the Office of Business Finance and Planning of the Department, provides other matters properly relating thereto.",,2023
Nevada,NV S    419,http://custom.statenet.com/public/resources.cgi?id=ID:bill:NV2023000S419&ciq=ncsl&client_md=09c6bfe6632f38c071982f530af7d970&mode=current_text,Revisions Relating To Public Health,Vetoed,,,Health Use; Studies,"Relates to public health, requires the adoption of a framework for the electronic transmittal, maintenance and exchange of certain health information, requires governmental entities, health care providers, insurers and insurance administrators to maintain, transmit and exchange health information electronically, requires the suspension of the license, certificate, registration or similar credential of a health care provider, insurer or insurance administrator that fails to comply with that requirement.",,2023
New Jersey,NJ A   4909,http://custom.statenet.com/public/resources.cgi?id=ID:bill:NJ2022000A4909&ciq=ncsl&client_md=ef967d7b90ec24bdf7fdfe397d76fdbf&mode=current_text,Use of Automated Tools in Hiring Decisions,Pending,,,Audit; Notification; Private Sector Use; Responsible Use,Regulates use of automated tools in hiring decisions to minimize discrimination in employment.,,2023
New Jersey,NJ A   5150,http://custom.statenet.com/public/resources.cgi?id=ID:bill:NJ2022000A5150&ciq=ncsl&client_md=d15445db723aff8d4e546d6ef8e358ff&mode=current_text,Job Loss Due to Automation Information,Pending,,,Effect on Labor/Employment,Requires Department of Labor and Workforce Development to track and maintain information on job loss due to automation.,,2023
New Jersey,NJ S   3714,http://custom.statenet.com/public/resources.cgi?id=ID:bill:NJ2022000S3714&ciq=ncsl&client_md=854158cae81b6ae71c4e31dfa9e6f336&mode=current_text,Personal Identifiable Information Disclosures,Pending,,,Notification,"Regards the New Jersey Disclosure and Accountability Transparency Act (NJ DATA), establishes certain requirements for disclosure and processing of personally identifiable information, establishes Office of Data Protection and Responsible Use in Division of Consumer Affairs.",,2023
New Jersey,NJ S   3876,http://custom.statenet.com/public/resources.cgi?id=ID:bill:NJ2022000S3876&ciq=ncsl&client_md=ff31e0d922d3a2119708f23fa113dd3b&mode=current_text,State Agencies Automated Systems Regulations,Pending,,,Government Use,Concerns about regulation of automated systems and artificial intelligence used by state agencies.,,2023
New Mexico,NM HM    75,http://custom.statenet.com/public/resources.cgi?id=ID:bill:NM2023000HM75&ciq=ncsl&client_md=4d6a3bad603f966a1595125a65a86b87&mode=current_text,Children Youth and Families Department,Failed - Adjourned,,,Government Use; Effect on Labor/Employment,"Relates to children, youth and families Department structured decision-making study.",,2023
New Mexico,NM S     78,http://custom.statenet.com/public/resources.cgi?id=ID:bill:NM2023000S78&ciq=ncsl&client_md=0d7d33ad082b23fa20861b8d9adb6536&mode=current_text,Center for Dryland Resilience,Failed - Adjourned,,,Government Use,Relates to the center for dryland resilience.,,2023
New Mexico,NM S    192,http://custom.statenet.com/public/resources.cgi?id=ID:bill:NM2023000S192&ciq=ncsl&client_md=27e349bde4a5e07561a501679675b68c&mode=current_text,Appropriations and Legislative Confidentiality,Enacted,,,Appropriations,"Makes general appropriations and authorizing expenditures, provides an exception to legislative confidentiality.",,2023
New Mexico,NM SM    63,http://custom.statenet.com/public/resources.cgi?id=ID:bill:NM2023000SM63&ciq=ncsl&client_md=64df2e91927ec3dc165236870564e3a1&mode=current_text,Children Youth and Families Structured Decision-Making,Failed - Adjourned,,,Government Use; Effect on Labor/Employment,"Relates to the Children, Youth and Families Department structured decision-making study.",,2023
New York,NY A    567,http://custom.statenet.com/public/resources.cgi?id=ID:bill:NY2023000A567&ciq=ncsl&client_md=92e2a428170f6ccdeb71e6eccc90446c&mode=current_text,Automated Employment Decision Tools,Pending,,,Impact Assessment; Private Sector Use; Responsible Use,"Establishes criteria for the use of automated employment decision tools, provides for enforcement for violations of such criteria.",,2023
New York,NY A    843,http://custom.statenet.com/public/resources.cgi?id=ID:bill:NY2023000A843&ciq=ncsl&client_md=f123aab8b9de81c6c6ebea175ac2f498&mode=current_text,Motor Vehicle Insurer Discrimination,Pending,,,Private Sector Use,"Prohibits motor vehicle insurers from discrimination based on socioeconomic factors in determining algorithms used to construct actuarial tables, coverage terms, premiums and/or rates.",,2023
New York,NY A   3308,http://custom.statenet.com/public/resources.cgi?id=ID:bill:NY2023000A3308&ciq=ncsl&client_md=f795c24558e63b6cea380f84b4c3159f&mode=current_text,Digital Fairness Act,Pending,,,Audit; Government Use; Impact Assessment; Responsible Use; Studies,"Enacts the Digital Fairness Act, requires any entity that conducts business in New York and maintains the personal information of 500 or more individuals to provide meaningful notice about their use of personal information, establishes unlawful discriminatory practices relating to targeted advertising.",,2023
New York,NY A   3593,http://custom.statenet.com/public/resources.cgi?id=ID:bill:NY2023000A3593&ciq=ncsl&client_md=dd9193da6b3393df575f24d085dd5bb6&mode=current_text,State Privacy Act,Pending,,,Audit; Government Use; Notification; Private Sector Use,"Enacts the State Privacy Act to require companies to disclose their methods of de-identifying personal information, to place special safeguards around data sharing and to allow consumers to obtain the names of all entities with whom their information is shared.",,2023
New York,NY A   4534,http://custom.statenet.com/public/resources.cgi?id=ID:bill:NY2023000A4534&ciq=ncsl&client_md=f87687048deb23201fadd132dce3ba93&mode=current_text,School Safety Planning and Training,Pending,,,Government Use,"Relates to classroom safety mechanisms, emergency medical equipment, and evidence-based best practices for school safety planning and training.",,2023
New York,NY A   4969,http://custom.statenet.com/public/resources.cgi?id=ID:bill:NY2023000A4969&ciq=ncsl&client_md=e50d644443b8ed4c65951a9b3d0bfe06&mode=current_text,State Commission to Study Artificial Intelligence,To governor,,,Studies,"Creates a temporary state commission to study and investigate how to regulate artificial intelligence, robotics and automation, repeals such commission.",,2023
New York,NY A   5309,http://custom.statenet.com/public/resources.cgi?id=ID:bill:NY2023000A5309&ciq=ncsl&client_md=71e12d325318a33b03c2193bdad40635&mode=current_text,State Units,Pending,,,Government Use; Responsible Use,"Requires state units to purchase a product or service that is or contains an algorithmic decision system that adheres to responsible artificial intelligence standards, specifies content included in responsible artificial intelligence standards, requires the commissioner of taxation and finance to adopt certain regulations, alters the definition of unlawful discriminatory practice to include acts performed through algorithmic decision systems.",,2023
New York,NY A   7106,http://custom.statenet.com/public/resources.cgi?id=ID:bill:NY2023000A7106&ciq=ncsl&client_md=ec4e0bb33a46ac79c8b544c905041b37&mode=current_text,Political Artificial Intelligence Disclaimer (PAID) Act,Pending,,,Elections,"Amends the Election Law, in relation to the use and disclosure of synthetic media, provides that a political communication which was produced by or includes any synthetic media shall be required to disclose the use of such synthetic media, provides that the disclosure on printed or digital political communications, including but not limited to brochures, flyers, posters, mailings, or internet advertising shall be printed or typed in an appropriate legible form.",,2023
New York,NY A   7501,http://custom.statenet.com/public/resources.cgi?id=ID:bill:NY2023000A7501&ciq=ncsl&client_md=ec1e0e95f21d5c649b52693258a14911&mode=current_text,State Office of Algorithmic Innovation,Pending,,,Oversight/Governance; Responsible Use,"Creates a State Office of algorithmic Innovation to set policies and standards to ensure algorithms are safe, effective, fair, and ethical, and that the state is conducive to promoting algorithmic innovation.",,2023
New York,NY A   7634,http://custom.statenet.com/public/resources.cgi?id=ID:bill:NY2023000A7634&ciq=ncsl&client_md=f33933b89a685385dac091a956ac56a6&mode=current_text,Applicants of the Empire State Film Production Credit,Pending,,,Effect on Labor/Employment; Private Sector Use,"Amends the Tax Law, prohibits applicants of the empire state film production credit from using artificial intelligence that would displace any natural person in their productions.",,2023
New York,NY A   7838,http://custom.statenet.com/public/resources.cgi?id=ID:bill:NY2023000A7838&ciq=ncsl&client_md=bbfdb6333015b967d68de540b40ba8ce&mode=current_text,Department of Labor Study on Artificial Intelligence,Pending,,,Education/Training; Effect on Labor/Employment; Studies,"Requires the Department of Labor to study the long-term impact of artificial intelligence on the state workforce including but not limited to on job performance, productivity, training, education requirements, privacy and security, prohibits any state entity from using artificial intelligence in any way that would displace any natural person from their employment with such state entity until the department's final report is received.",,2023
New York,NY A   7859,http://custom.statenet.com/public/resources.cgi?id=ID:bill:NY2023000A7859&ciq=ncsl&client_md=6efe7e5c68c0e5e772e8ae68bef35052&mode=current_text,Employers and Employment Agencies,Pending,,,Effect on Labor/Employment; Private Sector Use,Requires employers and employment agencies to notify candidates for employment if machine learning technology is used to make hiring decisions prior to the use of such technology.,,2023
New York,NY A   7904,http://custom.statenet.com/public/resources.cgi?id=ID:bill:NY2023000A7904&ciq=ncsl&client_md=c2b0d931205f032d64d63e39770ad245&mode=current_text,Disclosure of the Use of Artificial Intelligence,Pending,,,Elections,"Requires disclosure of the use of artificial intelligence in political communications, directs the state board of elections to create criteria for determining whether a political communication contains an image or video footage created through generative artificial intelligence and to create a definition of content generated by artificial intelligence.",,2023
New York,NY A   7906,http://custom.statenet.com/public/resources.cgi?id=ID:bill:NY2023000A7906&ciq=ncsl&client_md=7f4d493fd0c47f9b031506d2893143f8&mode=current_text,Use of Automated Decision Tools by Landlords,Pending,,,Private Sector Use,"Relates to the use of automated decision tools by landlords for making housing decisions, sets conditions and rules for use of such tools.",,2023
New York,NY S   2277,http://custom.statenet.com/public/resources.cgi?id=ID:bill:NY2023000S2277&ciq=ncsl&client_md=f7b4b8703ded1ff2dbcf084ab56903fb&mode=current_text,Digital Fairness Act,Pending,,,Audit; Government Use; Impact Assessment; Responsible Use; Studies,"Enacts the Digital Fairness Act, requires any entity that conducts business in New York and maintains the personal information of 500 or more individuals to provide meaningful notice about their use of personal information, establishes unlawful discriminatory practices relating to targeted advertising.",,2023
New York,NY S   5641,http://custom.statenet.com/public/resources.cgi?id=ID:bill:NY2023000S5641&ciq=ncsl&client_md=7df49e1037e7b2babd52a375ec6a6a86&mode=current_text,Use of Automated Employment Decision Tools,Pending,,,Impact Assessment; Private Sector Use; Responsible Use,"Establishes criteria for the use of automated employment decision tools, provides for enforcement for violations of such criteria.",,2023
New York,NY S   6402,http://custom.statenet.com/public/resources.cgi?id=ID:bill:NY2023000S6402&ciq=ncsl&client_md=487f4c3a19f4af114198e68a1c1111db&mode=current_text,State Commission to Study Artificial Intelligence,Pending,,,Studies,"Creates a temporary state commission to study and investigate how to regulate artificial intelligence, robotics and automation, repeals such commission.",,2023
New York,NY S   6638,http://custom.statenet.com/public/resources.cgi?id=ID:bill:NY2023000S6638&ciq=ncsl&client_md=0cc604bda6b9e2a1e0e56cd68968e6c1&mode=current_text,Political Artificial Intelligence Disclaimer Act,Pending,,,Elections,"Enacts the Political Artificial Intelligence Disclaimer Act, relates to the use and disclosure of synthetic media, provides that the disclosure on printed or digital political communications, including but not limited to brochures, flyers, posters, mailings, or internet advertising shall be printed or typed in an appropriate legible form.",,2023
New York,NY S   6685,http://custom.statenet.com/public/resources.cgi?id=ID:bill:NY2023000S6685&ciq=ncsl&client_md=18f024594370751764c449b9d726fe6b&mode=current_text,Motor Vehicle Insurers,Pending,,,Private Sector Use,"Prohibits motor vehicle insurers from discrimination based on socioeconomic factors in determining algorithms used to construct actuarial tables, coverage terms, premiums and/or rates.",,2023
New York,NY S   6859,http://custom.statenet.com/public/resources.cgi?id=ID:bill:NY2023000S6859&ciq=ncsl&client_md=27f050999702fd18a3a0be692bbe7370&mode=current_text,Advertisement Disclosures,Pending,,,Private Sector Use,"Amends the General Business Law, requires advertisements to disclose the use of synthetic media, imposes a $1,000 civil penalty for a first violation and a $5,000 penalty for any subsequent violation.",,2023
New York,NY S   7422,http://custom.statenet.com/public/resources.cgi?id=ID:bill:NY2023000S7422&ciq=ncsl&client_md=7e175b6d0cd81b79798ded647fb7d749&mode=current_text,Applicants of the Empire State Film Production Credit,Pending,,,Effect on Labor/Employment; Private Sector Use,"Amends the Tax Law, prohibits applicants of the empire state film production credit from using artificial intelligence that would displace any natural person in their productions.",,2023
New York,NY S   7543,http://custom.statenet.com/public/resources.cgi?id=ID:bill:NY2023000S7543&ciq=ncsl&client_md=4f735a609d58d5afe7cac4b7a6b1f1c6&mode=current_text,Loading Act,Pending,,,Government Use; Impact Assessment; Oversight/Governance,Enacts the legislative oversight of automated decision-making in government act to regulate the use of artificial intelligence techniques by state agencies.,,2023
New York,NY S   7592,http://custom.statenet.com/public/resources.cgi?id=ID:bill:NY2023000S7592&ciq=ncsl&client_md=8d1029b53b2899069fdcfee086132c72&mode=current_text,Disclosure of the Use of Artificial Intelligence,Pending,,,Elections,"Requires disclosure of the use of artificial intelligence in political communications, directs the state board of elections to create criteria for determining whether a political communication contains an image or video footage created through generative artificial intelligence and to create a definition of content generated by artificial intelligence.",,2023
New York,NY S   7623,http://custom.statenet.com/public/resources.cgi?id=ID:bill:NY2023000S7623&ciq=ncsl&client_md=863d680320f76d90e326acfe1e7b382d&mode=current_text,Use of Electronic Monitoring by Employer,Pending,,,Audit; Impact Assessment; Private Sector Use; Responsible Use,"Restricts the use by an employer or an employment agency of electronic monitoring or an automated employment decision tool to screen a candidate or employee for an employment decision unless such tool has been the subject of a bias audit within the last year and the results of such audit have been made public, requires notice to employment candidates of the use of such tools, provides remedies, makes a technical change to the civil rights law.",,2023
North Carolina,NC H      8,http://custom.statenet.com/public/resources.cgi?id=ID:bill:NC2023000H8&cuiq=93d84396-c63b-526a-b152-38b7f79b4cfd&client_md=e4f6fea4-27b4-5d41-b7d3-766fe52569f0,Graduation Requirements,Enacted,,,Education/Training,"Requires a passing grade in computer science course; provides that computer science course shall fulfill one credit that is not an English, mathematics, science or social studies credit; exempts students enrolling in a public high school in this state after completion of the 11th grade from this requirement.",,2023
North Carolina,H 259,,Base Budget Appropriations,Enacted,,,Appropriations; Government Use,"Makes base budget appropriations for current operations of state agencies, departments, and institutions; appropriates $3.2 million for the 2023-2024 fiscal year as a directed grant to New Hanover County Schools and $2 million as a directed grant to Davidson County Schools for an AI School Safety Pilot Program.",,2023
North Carolina,NC H    570,http://custom.statenet.com/public/resources.cgi?id=ID:bill:NC2023000H570&ciq=ncsl&client_md=0cba5d9036f713ef0420d5b782180c0c&mode=current_text,Reductions In Energy and Water Consumption,Pending,,,Government Use,Saves taxpayer dollars by requiring reductions in energy and water consumption in public buildings.,,2023
North Carolina,NC S    460,http://custom.statenet.com/public/resources.cgi?id=ID:bill:NC2023000S460&ciq=ncsl&client_md=8d2c0c3248a8eab6cfd85674b492d9d0&mode=current_text,Automation and the Workforce,Pending,,,Effect on Labor/Employment; Private Sector Use; Studies,Establishes the study committee on automation and the workforce.,,2023
North Carolina,NC S    684,http://custom.statenet.com/public/resources.cgi?id=ID:bill:NC2023000S684&ciq=ncsl&client_md=ea62525365442f3064b4977064dbd6b4&mode=current_text,Stormwater Permits,Pending,,,Appropriations; Government Use,"Establishes deadlines for decisions by the Department of Environmental Quality on applications for stormwater permits and applications for permits proceeding under the express review program, makes other changes.",,2023
North Dakota,ND H   1003,http://custom.statenet.com/public/resources.cgi?id=ID:bill:ND2023000H1003&ciq=ncsl&client_md=bfe56c9398c2910e7fd54e2c983bb2e2&mode=current_text,University System Expenses Appropriation,Enacted,,,Government Use; Health Use; Private Sector Use; Studies,"Appropriates funds for defraying the expenses of the North Dakota university system, provides an appropriation to the Bank of North Dakota, relates to an economic diversification research fund, matching grants for agricultural research and extension, the Bismarck State College Polytechnic Center, a report on higher education trends, disclosure of financial condition, and a minimum amount payable, relates to the Skilled Workforce Student Loan Repayment Program and the Skilled Workforce Scholarship Program.",,2023
North Dakota,ND H   1361,http://custom.statenet.com/public/resources.cgi?id=ID:bill:ND2023000H1361&ciq=ncsl&client_md=e85ca743f0c3bb6193e2ba0e6b69d8af&mode=current_text,Personhood Status,Enacted,,,,"Relates to the definition of person in the North Dakota Century Code, defines person as an individual, organization, government, political subdivision, or government agency or instrumentality, provides that the term does not include environmental elements, artificial intelligence, an animal, or an inanimate object.",,2023
Pennsylvania,PA H     49,http://custom.statenet.com/public/resources.cgi?id=ID:bill:PA2023000H49&ciq=ncsl&client_md=17ddcd6249d7492e05c4853523a98c06&mode=current_text,Artificial Intelligence Registry,Pending,,,Oversight/Governance; Private Sector Use,"Amends the act known as The Administrative Code, in powers and duties of the Department of State and its departmental administrative board, provides for artificial intelligence registry.",,2023
Pennsylvania,PA H   1063,http://custom.statenet.com/public/resources.cgi?id=ID:bill:PA2023000H1063&ciq=ncsl&client_md=e100edb8dce578d44519ca7b23a9e380&mode=current_text,Sexual Abuse of Children,Pending,,,,"Amends specified title on Crimes and Offenses of the Pennsylvania Consolidated Statutes, in sexual offenses, provides for the offense of unlawful dissemination of artificially generated depiction, relates to minors, provides for the offense of sexual abuse of children and for the offense of transmission of sexually explicit images by minor.",,2023
Pennsylvania,PA H   1304,http://custom.statenet.com/public/resources.cgi?id=ID:bill:PA2023000H1304&cuiq=93d84396-c63b-526a-b152-38b7f79b4cfd&client_md=e4f6fea4-27b4-5d41-b7d3-766fe52569f0,Uniform 911 Surcharge and for Termination,Pending,,,Government Use,"Relates to 911 emergency communication services; provides for a Legislative Budget and Finance Committee study; provides for termination; provides that the committee shall study and make recommendations with respect to, among other things, determining any efficiencies that can be gained in the current 911 system or potential efficiencies that can be gained with a different 911 system and the use of artificial intelligence in a 911 system, including recommended standards.",,2023
Pennsylvania,PA H   1380,http://custom.statenet.com/public/resources.cgi?id=ID:bill:PA2023000H1380&ciq=ncsl&client_md=a05d46769cc8d83fe4d350f119a81944&mode=current_text,Administration of Assistance Programs,Pending,,,Government Use,"Amends the act known as the Human Services Code, in public assistance, provides for administration of assistance programs.",,2023
Pennsylvania,PA H   1663,http://custom.statenet.com/public/resources.cgi?id=ID:bill:PA2023000H1663&cuiq=93d84396-c63b-526a-b152-38b7f79b4cfd&client_md=e4f6fea4-27b4-5d41-b7d3-766fe52569f0,Health Insurers,Pending,,,Health Use; Notification,Provides for disclosure by health insurers of the use of artificial intelligence-based algorithms in the utilization review process.,,2023
Pennsylvania,PA H   1729,http://custom.statenet.com/public/resources.cgi?id=ID:bill:PA2023000H1729&cuiq=93d84396-c63b-526a-b152-38b7f79b4cfd&client_md=e4f6fea4-27b4-5d41-b7d3-766fe52569f0,Automated Employment Decision Tool,Pending,,,Audit; Notification; Private Sector Use; Responsible Use,Amends the act known as the Pennsylvania Human Relations Act; provides for definitions; provides for use of automated employment decision tool; provides for civil penalties.,,2023
Pennsylvania,PA H   1753,http://custom.statenet.com/public/resources.cgi?id=ID:bill:PA2023000H1753&cuiq=93d84396-c63b-526a-b152-38b7f79b4cfd&client_md=e4f6fea4-27b4-5d41-b7d3-766fe52569f0,Sexual Abuse of Children,Pending,,,,"Amends Title 18, Crimes and Offenses, of the Pennsylvania Consolidated Statutes; relates to minors; relates to the sexual abuse of children and for the transmission of sexually explicit images by minors.",,2023
Pennsylvania,PA HR   170,http://custom.statenet.com/public/resources.cgi?id=ID:bill:PA2023000HR170&ciq=ncsl&client_md=6e9f84fe7dfa2172c4785dcbb1a81cb3&mode=current_text,Artificial Intelligence,Pending,,,Government Use; Private Sector Use; Responsible Use; Studies,Directs the Joint State Government Commission to establish an advisory committee to conduct a study on the field of artificial intelligence and its impact and potential future impact.,,2023
Pennsylvania,PA SR   143,http://custom.statenet.com/public/resources.cgi?id=ID:bill:PA2023000SR143&ciq=ncsl&client_md=f2daebfe8348c7b985d70da6cf6521f4&mode=current_text,Artificial Intelligence,Pending,,,Government Use; Private Sector Use; Responsible Use; Studies,Directs the Joint State Government Commission to establish an advisory committee to conduct a study on the field of artificial intelligence and its impact and potential future impact.,,2023
Puerto Rico,PR S   1179,http://custom.statenet.com/public/resources.cgi?id=ID:bill:PR2021000S1179&ciq=ncsl&client_md=068a5627ecd9d21ce5e633a876281c0a&mode=current_text,Artificial Intelligence Officer,Pending,,,Government Use; Oversight/Governance,"Creates an artificial intelligence officer attached to the Puerto Rico Innovation and Technology Service and establishes their duties; creates the Artificial Intelligence Council, establishes its duties; orders Puerto Rico Innovations and Technology Services to create and develop the public policy of the government in relation to the implementation of artificial intelligence through the agencies.",,2023
Puerto Rico,PR SJR  412,http://custom.statenet.com/public/resources.cgi?id=ID:bill:PR2021000SJR412&ciq=ncsl&client_md=16f516d905640c076ed892fdf0110a19&mode=current_text,Department of State of the Government,Pending,,,Private Sector Use,"Orders the Department of State to make a registry of all companies or businesses that operate, develop or use artificial intelligence systems.",,2023
Puerto Rico,PR SR   684,http://custom.statenet.com/public/resources.cgi?id=ID:bill:PR2021000SR684&ciq=ncsl&client_md=2010c5cead5366a5469d77f1afdfc9c5&mode=current_text,Artificial Intelligence,Adopted,,,Studies,"Relates to conducting an investigation on the use of automated systems artificial intelligence that have the potential to significantly impact the rights, opportunities or access of the public to resources and critical services, the performance of public instrumentalities in relation to these issues, current state and federal statutes and regulations related to automated systems, the recommendations to follow to address the problems on these issues.",,2023
Rhode Island,RI H   5734,http://custom.statenet.com/public/resources.cgi?id=ID:bill:RI2023000H5734&ciq=ncsl&client_md=bf8bd924882c5dbfd4fa8c2ccf44cc4a&mode=current_text,Business Regulation Regarding Insurance Discrimination,Pending,,,Private Sector Use; Responsible Use,"Prohibits the use of any external consumer data and information sources, as well as any algorithms or predictive models that use external consumer data and information sources, in a way that unfairly discriminates based on race, color, national or ethnic origin, religion, sex, sexual orientation, disability, gender identity, or gender expression, by an insurer in regard to any insurance practice.",,2023
Rhode Island,RI H   5866,http://custom.statenet.com/public/resources.cgi?id=ID:bill:RI2023000H5866&ciq=ncsl&client_md=0c22b1f605371dcadcef44d508d3740a&mode=current_text,The Atmosphere Protection Act,Pending,,,Government Use; Private Sector Use,"Prohibits the intentional release of hazardous polluting emissions into the atmosphere and provides for a natural climate while increasing resiliency by prohibiting deliberate atmospheric pollution and manipulation of the environment, provides that violation fees would be collected and placed into a trust fund for municipal-level allocation for projects that promote the safety of life and property as well as environmental and agricultural health free from hazardous atmospheric activities.",,2023
Rhode Island,RI H   6285,http://custom.statenet.com/public/resources.cgi?id=ID:bill:RI2023000H6285&ciq=ncsl&client_md=1e18fadeeb6c815dcf808402c4a670b2&mode=current_text,Use of Artificial Intelligence in Mental Health Service,Pending,,,Health Use,Defines artificial intelligence and regulates its use in providing mental health services.,,2023
Rhode Island,RI H   6286,http://custom.statenet.com/public/resources.cgi?id=ID:bill:RI2023000H6286&ciq=ncsl&client_md=38896f10f4caa020de3014787732be92&mode=current_text,Generative Artificial Intelligence Models Regulations,Pending,,,Private Sector Use,"Authorizes the office of attorney general to promulgate, adopt and enforce rules and regulations concerning generative artificial intelligence models, such as ChatGPT, to protect the public's safety, privacy, and intellectual property rights.",,2023
Rhode Island,RI H   6423,http://custom.statenet.com/public/resources.cgi?id=ID:bill:RI2023000H6423&ciq=ncsl&client_md=908925d73220880be08bf20c474c8eed&mode=current_text,Artificial Intelligence and Automated Decision System,Adopted,,,Government Use; Studies,(Resolution) Requests the Department of Administration and the Office of Information Technology to review and evaluate the use and development of artificial intelligence (AI) and automated decision systems and provide recommendations regarding ongoing and upcoming plans to expand their use and current security and implementation procedures.,,2023
Rhode Island,RI S    117,http://custom.statenet.com/public/resources.cgi?id=ID:bill:RI2023000S117&ciq=ncsl&client_md=3f8df933160dc3dd1572f437b457909e&mode=current_text,Artificial Intelligence in the Decision-Making Process,Pending,,,Government Use; Oversight/Governance; Responsible Use,"Establishes a permanent commission to monitor the use of artificial intelligence in state government to make state government policy and other decisions, directs the commission to make recommendations regarding changes in the way state government uses artificial intelligence.",,2023
Rhode Island,RI S    146,http://custom.statenet.com/public/resources.cgi?id=ID:bill:RI2023000S146&ciq=ncsl&client_md=d3f9163117f71301c420a9d86c1fd306&mode=current_text,Use of Facial and Bio Metric Recognition Technology,Pending,,,Private Sector Use,"Relates to state affairs and government, relates to video lottery games, table games and sports wagering, relates to the Rhode Island consumer protection gaming act, prohibits the use of facial recognition technology and biometric recognition technology in video-lottery terminals at pari-mutuel licensees in the state or in online betting applications.",,2023
Texas,TX H   2060,http://custom.statenet.com/public/resources.cgi?id=ID:bill:TX2023000H2060&ciq=ncsl&client_md=7f917a24ed4a10a5df71df259c5b47ef&mode=current_text,Artificial Intelligence Advisory Council,Enacted,,,Government Use; Studies,Relates to the creation of the artificial intelligence advisory council.,,2023
Texas,TX H   3633,http://custom.statenet.com/public/resources.cgi?id=ID:bill:TX2023000H3633&ciq=ncsl&client_md=78e2f75f36a7536332a3e03ad5d41cd5&mode=current_text,State Workforce Commission,Failed - Adjourned,,,Education/Training; Studies,Relates to a study on the establishment of a program administered by the State Workforce Commission to train individuals in certain skills related to artificial intelligence systems.,,2023
Texas,TX H   4168,http://custom.statenet.com/public/resources.cgi?id=ID:bill:TX2023000H4168&ciq=ncsl&client_md=73d2eefada7615d90f7540dad7c515cf&mode=current_text,Department of Family and Protective Services,Failed - Adjourned,,,Government Use,Relates to prevention and early intervention services by the Department of Family and Protective Services.,,2023
Texas,TX H   4318,http://custom.statenet.com/public/resources.cgi?id=ID:bill:TX2023000H4318&ciq=ncsl&client_md=10b2bd38b13a87cb52256bc9142810d6&mode=current_text,Grant Program for Crime Victim Notification Systems,Failed - Adjourned,,,Government Use,Relates to a grant program for crime victim notification systems.,,2023
Texas,TX H   4695,http://custom.statenet.com/public/resources.cgi?id=ID:bill:TX2023000H4695&ciq=ncsl&client_md=9fb606ce1283802386ff05fbd50d00de&mode=current_text,Artificial Intelligence Mental Health Services,Failed - Adjourned,,,Health Use,Relates to the provision of artificial intelligence mental health services.,,2023
Texas,TX H      1,http://custom.statenet.com/public/resources.cgi?id=ID:bill:TX2023030H1&cuiq=93d84396-c63b-526a-b152-38b7f79b4cfd&client_md=e4f6fea4-27b4-5d41-b7d3-766fe52569f0,Primary and Secondary Education,Failed - Adjourned,,,Government Use,"Relates to primary and secondary education, including the certification, compensation and health coverage of certain public school employees; the public school finance system; special education in public schools; the establishment of an education savings account program; measures to support the education of public school students that include certain educational grant programs, reading instruction and early childhood education; the provision of virtual education; grading systems and the impact that those systems will have on the assessment and accountability system, including the use of artificial intelligence in grading systems; and public school accountability.",,2023
Texas,TX H      1,http://custom.statenet.com/public/resources.cgi?id=ID:bill:TX2023040H1&cuiq=93d84396-c63b-526a-b152-38b7f79b4cfd&client_md=e4f6fea4-27b4-5d41-b7d3-766fe52569f0,Primary and Secondary Education,Failed - Adjourned,,,Government Use,"Relates to primary and secondary education, including the certification, compensation and health coverage of certain public school employees; the public school finance system; special education in public schools; the establishment of an education savings account program; measures to support the education of public school students that include certain educational grant programs, reading instruction and early childhood education; the provision of virtual education; grading systems and the impact that those systems will have on the assessment and accountability system, including the use of artificial intelligence in grading systems; and public school accountability.",,2023
Texas,TX S   2085,http://custom.statenet.com/public/resources.cgi?id=ID:bill:TX2023000S2085&ciq=ncsl&client_md=d7292774483e1a60689f1cdaff8a42f8&mode=current_text,Grant Program for Crime Victim Notification Systems,Enacted,,,Government Use,"Provides that the Criminal Justice Division shall establish and administer a grant program to provide financial assistance to a law enforcement agency for purposes of purchasing or developing a crime victim notification system, provides that the division shall, among other things, establish eligibility criteria for grant applicants and grant application procedures, provides that a crime victim notification system for which a law enforcement agency seeks a grant must meet specified requirements.",,2023
Utah,UT H     61,http://custom.statenet.com/public/resources.cgi?id=ID:bill:UT2023000H61&cuiq=93d84396-c63b-526a-b152-38b7f79b4cfd&client_md=e4f6fea4-27b4-5d41-b7d3-766fe52569f0,School Safety Requirements,Enacted,,,Government Use,"Relates to school safety and security issues; creates a state security chief position within the Department of Public Safety; requires each county sheriff to identify an individual within the sheriff’s office to coordinate between the county sheriff’s office, the state security chief, and certain police chiefs within the county; creates the School Security Task Force; requires the task force to develop the qualifications, duties and scope of authority of the state security chief; appropriates funds.",,2023
Vermont,VT H    114,http://custom.statenet.com/public/resources.cgi?id=ID:bill:VT2023000H114&ciq=ncsl&client_md=20b2cccbd6196da660e6c70d98c93ef7&mode=current_text,Electronic Monitoring,Pending - Carryover,,,Impact Assessment; Private Sector Use; Responsible Use,Relates to restricting electronic monitoring of employees and employment-related automated decision systems.,,2023
Washington,WA H   1616,http://custom.statenet.com/public/resources.cgi?id=ID:bill:WA2023000H1616&ciq=ncsl&client_md=41ba0071e0b26dfdc7e56c70ce9ac5a5&mode=current_text,Charter of Peoples Personal Data Rights,Pending - Carryover,,,Government Use; Private Sector Use,Creates a charter of people's personal data rights.,,2023
Washington,WA S   5356,http://custom.statenet.com/public/resources.cgi?id=ID:bill:WA2023000S5356&ciq=ncsl&client_md=98fb7ebb7d8b93937ceb5608069b6da0&mode=current_text,Use of Automated Decision Systems,Pending - Carryover,,,Audit; Government Use; Impact Assessment; Notification,"Establishes guidelines for government procurement and use of automated decision systems to protect consumers, improve transparency, and create more market predictability.",,2023
Washington,WA S   5643,http://custom.statenet.com/public/resources.cgi?id=ID:bill:WA2023000S5643&ciq=ncsl&client_md=2784dcd6d1fd439727b2517b4fad4f4c&mode=current_text,Charter of Peoples Personal Data Rights,Pending - Carryover,,,Government Use; Private Sector Use,Creates a charter of people's personal data rights.,,2023
West Virginia,WV H   3214,http://custom.statenet.com/public/resources.cgi?id=ID:bill:WV2023000H3214&ciq=ncsl&client_md=1dd0625cde82a801fec78252effb2cb4&mode=current_text,Road Optimization Assessment Data Pilot Project,Enacted,,,Government Use,"Creates the Road Optimization and Assessment Data Pilot Program, requires the commissioner of highways to implement the program, specifies assessment methods and term of program, requires reporting by the Division of Highways.",,2023
Wisconsin,WI A    542,http://custom.statenet.com/public/resources.cgi?id=ID:bill:WI2023000A542&cuiq=93d84396-c63b-526a-b152-38b7f79b4cfd&client_md=e4f6fea4-27b4-5d41-b7d3-766fe52569f0,Schools to Acquire Proactive Firearm Detection Software,Pending,,,Government Use,Relates to grants to schools to acquire proactive firearm detection software; makes an appropriation.,,2023
Wisconsin,WI A    664,http://custom.statenet.com/public/resources.cgi?id=ID:bill:WI2023000A664&cuiq=93d84396-c63b-526a-b152-38b7f79b4cfd&client_md=e4f6fea4-27b4-5d41-b7d3-766fe52569f0,Artificial Intelligence Content Disclosure,Pending,,,Elections,Concerns disclosures regarding content generated by artificial intelligence in political advertisements; grants rule-making authority; provides for a penalty.,,2023
Wisconsin,WI S    523,http://custom.statenet.com/public/resources.cgi?id=ID:bill:WI2023000S523&cuiq=93d84396-c63b-526a-b152-38b7f79b4cfd&client_md=e4f6fea4-27b4-5d41-b7d3-766fe52569f0,Schools to Acquire Proactive Firearm Detection Software,Pending,,,Government Use,Relates to grants to schools to acquire proactive firearm detection software; makes an appropriation.,,2023
